data_referencia,secao,item,metrica,valor
2026-05-29,parametros_nss,PREFIXADOS,Beta 1,0.14033782939329
2026-05-29,parametros_nss,PREFIXADOS,Beta 2,0.00255267619585579
2026-05-29,parametros_nss,PREFIXADOS,Beta 3,-0.0208656178964743
2026-05-29,parametros_nss,PREFIXADOS,Beta 4,0.0135136440199781
2026-05-29,parametros_nss,PREFIXADOS,Lambda 1,0.963906184248903
2026-05-29,parametros_nss,PREFIXADOS,Lambda 2,0.364755369869782
2026-05-29,parametros_nss,IPCA,Beta 1,0.0676646630768185
2026-05-29,parametros_nss,IPCA,Beta 2,0.0482630108900859
2026-05-29,parametros_nss,IPCA,Beta 3,-0.0461949459236402
2026-05-29,parametros_nss,IPCA,Beta 4,0.041425116722569
2026-05-29,parametros_nss,IPCA,Lambda 1,2.33795207870162
2026-05-29,parametros_nss,IPCA,Lambda 2,0.520136412715787
2026-05-29,ettj_inflacao_implicita,126,ETTJ IPCA,8.7774
2026-05-29,ettj_inflacao_implicita,126,ETTJ PREF,13.9785
2026-05-29,ettj_inflacao_implicita,126,Inflacao Implicita,4.7814
2026-05-29,ettj_inflacao_implicita,252,ETTJ IPCA,8.0598
2026-05-29,ettj_inflacao_implicita,252,ETTJ PREF,13.8483
2026-05-29,ettj_inflacao_implicita,252,Inflacao Implicita,5.3567
2026-05-29,ettj_inflacao_implicita,378,ETTJ IPCA,7.9397
2026-05-29,ettj_inflacao_implicita,378,ETTJ PREF,13.8159
2026-05-29,ettj_inflacao_implicita,378,Inflacao Implicita,5.4439
2026-05-29,ettj_inflacao_implicita,504,ETTJ IPCA,7.9645
2026-05-29,ettj_inflacao_implicita,504,ETTJ PREF,13.8332
2026-05-29,ettj_inflacao_implicita,504,Inflacao Implicita,5.4357
2026-05-29,ettj_inflacao_implicita,630,ETTJ IPCA,8.0043
2026-05-29,ettj_inflacao_implicita,630,ETTJ PREF,13.8731
2026-05-29,ettj_inflacao_implicita,630,Inflacao Implicita,5.4338
2026-05-29,ettj_inflacao_implicita,756,ETTJ IPCA,8.027
2026-05-29,ettj_inflacao_implicita,756,ETTJ PREF,13.9204
2026-05-29,ettj_inflacao_implicita,756,Inflacao Implicita,5.4554
2026-05-29,ettj_inflacao_implicita,882,ETTJ IPCA,8.0291
2026-05-29,ettj_inflacao_implicita,882,ETTJ PREF,13.9672
2026-05-29,ettj_inflacao_implicita,882,Inflacao Implicita,5.4967
2026-05-29,ettj_inflacao_implicita,1.008,ETTJ IPCA,8.0141
2026-05-29,ettj_inflacao_implicita,1.008,ETTJ PREF,14.0097
2026-05-29,ettj_inflacao_implicita,1.008,Inflacao Implicita,5.5507
2026-05-29,ettj_inflacao_implicita,1.134,ETTJ IPCA,7.9869
2026-05-29,ettj_inflacao_implicita,1.134,ETTJ PREF,14.0464
2026-05-29,ettj_inflacao_implicita,1.134,Inflacao Implicita,5.6113
2026-05-29,ettj_inflacao_implicita,1.260,ETTJ IPCA,7.9513
2026-05-29,ettj_inflacao_implicita,1.260,ETTJ PREF,14.0769
2026-05-29,ettj_inflacao_implicita,1.260,Inflacao Implicita,5.6744
2026-05-29,ettj_inflacao_implicita,1.386,ETTJ IPCA,7.9106
2026-05-29,ettj_inflacao_implicita,1.386,ETTJ PREF,14.1017
2026-05-29,ettj_inflacao_implicita,1.386,Inflacao Implicita,5.7372
2026-05-29,ettj_inflacao_implicita,1.512,ETTJ IPCA,7.8672
2026-05-29,ettj_inflacao_implicita,1.512,ETTJ PREF,14.1213
2026-05-29,ettj_inflacao_implicita,1.512,Inflacao Implicita,5.7979
2026-05-29,ettj_inflacao_implicita,1.638,ETTJ IPCA,7.8227
2026-05-29,ettj_inflacao_implicita,1.638,ETTJ PREF,14.1365
2026-05-29,ettj_inflacao_implicita,1.638,Inflacao Implicita,5.8557
2026-05-29,ettj_inflacao_implicita,1.764,ETTJ IPCA,7.7783
2026-05-29,ettj_inflacao_implicita,1.764,ETTJ PREF,14.148
2026-05-29,ettj_inflacao_implicita,1.764,Inflacao Implicita,5.91
2026-05-29,ettj_inflacao_implicita,1.890,ETTJ IPCA,7.7349
2026-05-29,ettj_inflacao_implicita,1.890,ETTJ PREF,14.1564
2026-05-29,ettj_inflacao_implicita,1.890,Inflacao Implicita,5.9604
2026-05-29,ettj_inflacao_implicita,2.016,ETTJ IPCA,7.6929
2026-05-29,ettj_inflacao_implicita,2.016,ETTJ PREF,14.1623
2026-05-29,ettj_inflacao_implicita,2.016,Inflacao Implicita,6.0072
2026-05-29,ettj_inflacao_implicita,2.142,ETTJ IPCA,7.6527
2026-05-29,ettj_inflacao_implicita,2.142,ETTJ PREF,14.1662
2026-05-29,ettj_inflacao_implicita,2.142,Inflacao Implicita,6.0504
2026-05-29,ettj_inflacao_implicita,2.268,ETTJ IPCA,7.6146
2026-05-29,ettj_inflacao_implicita,2.268,ETTJ PREF,14.1685
2026-05-29,ettj_inflacao_implicita,2.268,Inflacao Implicita,6.0901
2026-05-29,ettj_inflacao_implicita,2.394,ETTJ IPCA,7.5785
2026-05-29,ettj_inflacao_implicita,2.394,ETTJ PREF,14.1695
2026-05-29,ettj_inflacao_implicita,2.394,Inflacao Implicita,6.1266
2026-05-29,ettj_inflacao_implicita,2.520,ETTJ IPCA,7.5445
2026-05-29,ettj_inflacao_implicita,2.520,ETTJ PREF,14.1695
2026-05-29,ettj_inflacao_implicita,2.520,Inflacao Implicita,6.1602
2026-05-29,ettj_inflacao_implicita,2.646,ETTJ IPCA,7.5125
2026-05-29,ettj_inflacao_implicita,2.646,ETTJ PREF,14.1687
2026-05-29,ettj_inflacao_implicita,2.646,Inflacao Implicita,6.191
2026-05-29,ettj_inflacao_implicita,2.772,ETTJ IPCA,7.4825
2026-05-29,ettj_inflacao_implicita,2.898,ETTJ IPCA,7.4544
2026-05-29,ettj_inflacao_implicita,3.024,ETTJ IPCA,7.4281
2026-05-29,ettj_inflacao_implicita,3.150,ETTJ IPCA,7.4035
2026-05-29,ettj_inflacao_implicita,3.276,ETTJ IPCA,7.3804
2026-05-29,ettj_inflacao_implicita,3.402,ETTJ IPCA,7.3587
2026-05-29,ettj_inflacao_implicita,3.528,ETTJ IPCA,7.3384
2026-05-29,ettj_inflacao_implicita,3.654,ETTJ IPCA,7.3193
2026-05-29,ettj_inflacao_implicita,3.780,ETTJ IPCA,7.3014
2026-05-29,ettj_inflacao_implicita,3.906,ETTJ IPCA,7.2845
2026-05-29,ettj_inflacao_implicita,4.032,ETTJ IPCA,7.2686
2026-05-29,ettj_inflacao_implicita,4.158,ETTJ IPCA,7.2536
2026-05-29,ettj_inflacao_implicita,4.284,ETTJ IPCA,7.2394
2026-05-29,ettj_inflacao_implicita,4.410,ETTJ IPCA,7.2261
2026-05-29,ettj_inflacao_implicita,4.536,ETTJ IPCA,7.2134
2026-05-29,ettj_inflacao_implicita,4.662,ETTJ IPCA,7.2014
2026-05-29,ettj_inflacao_implicita,4.788,ETTJ IPCA,7.19
2026-05-29,ettj_inflacao_implicita,4.914,ETTJ IPCA,7.1792
2026-05-29,ettj_inflacao_implicita,5.040,ETTJ IPCA,7.1689
2026-05-29,ettj_inflacao_implicita,5.166,ETTJ IPCA,7.1591
2026-05-29,ettj_inflacao_implicita,5.292,ETTJ IPCA,7.1498
2026-05-29,ettj_inflacao_implicita,5.418,ETTJ IPCA,7.1409
2026-05-29,ettj_inflacao_implicita,5.544,ETTJ IPCA,7.1324
2026-05-29,ettj_inflacao_implicita,5.670,ETTJ IPCA,7.1243
2026-05-29,ettj_inflacao_implicita,5.796,ETTJ IPCA,7.1165
2026-05-29,ettj_inflacao_implicita,5.922,ETTJ IPCA,7.1091
2026-05-29,ettj_inflacao_implicita,6.048,ETTJ IPCA,7.1019
2026-05-29,ettj_inflacao_implicita,6.174,ETTJ IPCA,7.0951
2026-05-29,ettj_inflacao_implicita,6.300,ETTJ IPCA,7.0885
2026-05-29,ettj_inflacao_implicita,6.426,ETTJ IPCA,7.0822
2026-05-29,ettj_inflacao_implicita,6.552,ETTJ IPCA,7.0761
2026-05-29,ettj_inflacao_implicita,6.678,ETTJ IPCA,7.0703
2026-05-29,ettj_inflacao_implicita,6.804,ETTJ IPCA,7.0647
2026-05-29,ettj_inflacao_implicita,6.930,ETTJ IPCA,7.0592
2026-05-29,ettj_inflacao_implicita,7.056,ETTJ IPCA,7.054
2026-05-29,ettj_inflacao_implicita,7.182,ETTJ IPCA,7.049
2026-05-29,ettj_inflacao_implicita,7.308,ETTJ IPCA,7.0441
2026-05-29,ettj_inflacao_implicita,7.434,ETTJ IPCA,7.0394
2026-05-29,ettj_inflacao_implicita,7.560,ETTJ IPCA,7.0348
2026-05-29,ettj_inflacao_implicita,7.686,ETTJ IPCA,7.0304
2026-05-29,ettj_inflacao_implicita,7.812,ETTJ IPCA,7.0262
2026-05-29,ettj_inflacao_implicita,7.938,ETTJ IPCA,7.0221
2026-05-29,ettj_inflacao_implicita,8.064,ETTJ IPCA,7.0181
2026-05-29,ettj_inflacao_implicita,8.190,ETTJ IPCA,7.0142
2026-05-29,ettj_inflacao_implicita,8.316,ETTJ IPCA,7.0104
2026-05-29,ettj_inflacao_implicita,8.442,ETTJ IPCA,7.0068
2026-05-29,prefixados_circular_3361,21,Taxa (%a.a.),14.2197
2026-05-29,prefixados_circular_3361,42,Taxa (%a.a.),14.1583
2026-05-29,prefixados_circular_3361,63,Taxa (%a.a.),14.1041
2026-05-29,prefixados_circular_3361,126,Taxa (%a.a.),13.9785
2026-05-29,prefixados_circular_3361,252,Taxa (%a.a.),13.8483
2026-05-29,prefixados_circular_3361,504,Taxa (%a.a.),13.8332
2026-05-29,prefixados_circular_3361,756,Taxa (%a.a.),13.9204
2026-05-29,prefixados_circular_3361,1.008,Taxa (%a.a.),14.0097
2026-05-29,prefixados_circular_3361,1.260,Taxa (%a.a.),14.0769
2026-05-29,prefixados_circular_3361,2.520,Taxa (%a.a.),14.1695
2026-05-29,erro_titulo_a_titulo,LTN|100000|01/07/2026,Erro (%a.a.),-0.1505
2026-05-29,erro_titulo_a_titulo,LTN|100000|01/10/2026,Erro (%a.a.),0.09
2026-05-29,erro_titulo_a_titulo,LTN|100000|01/04/2027,Erro (%a.a.),0.0392
2026-05-29,erro_titulo_a_titulo,LTN|100000|01/07/2027,Erro (%a.a.),-0.0217
2026-05-29,erro_titulo_a_titulo,LTN|100000|01/10/2027,Erro (%a.a.),-0.06
2026-05-29,erro_titulo_a_titulo,LTN|100000|01/01/2028,Erro (%a.a.),0.0057
2026-05-29,erro_titulo_a_titulo,LTN|100000|01/04/2028,Erro (%a.a.),0.0193
2026-05-29,erro_titulo_a_titulo,LTN|100000|01/07/2028,Erro (%a.a.),0.0427
2026-05-29,erro_titulo_a_titulo,LTN|100000|01/01/2029,Erro (%a.a.),0.0002
2026-05-29,erro_titulo_a_titulo,LTN|100000|01/07/2029,Erro (%a.a.),-0.0056
2026-05-29,erro_titulo_a_titulo,LTN|100000|01/01/2030,Erro (%a.a.),0.0244
2026-05-29,erro_titulo_a_titulo,LTN|100000|01/01/2032,Erro (%a.a.),0.0558
2026-05-29,erro_titulo_a_titulo,NTN-F|950199|01/01/2027,Erro (%a.a.),-0.0152
2026-05-29,erro_titulo_a_titulo,NTN-F|950199|01/01/2029,Erro (%a.a.),-0.0148
2026-05-29,erro_titulo_a_titulo,NTN-F|950199|01/01/2031,Erro (%a.a.),-0.0142
2026-05-29,erro_titulo_a_titulo,NTN-F|950199|01/01/2033,Erro (%a.a.),-0.0293
2026-05-29,erro_titulo_a_titulo,NTN-F|950199|01/01/2035,Erro (%a.a.),0.014
2026-05-29,erro_titulo_a_titulo,NTN-F|950199|01/01/2037,Erro (%a.a.),-0.0036
2026-05-29,erro_titulo_a_titulo,NTN-B|760199|15/08/2026,Erro (%a.a.),-0.1735
2026-05-29,erro_titulo_a_titulo,NTN-B|760199|15/05/2027,Erro (%a.a.),0.0815
2026-05-29,erro_titulo_a_titulo,NTN-B|760199|15/08/2028,Erro (%a.a.),-0.0995
2026-05-29,erro_titulo_a_titulo,NTN-B|760199|15/05/2029,Erro (%a.a.),0.0469
2026-05-29,erro_titulo_a_titulo,NTN-B|760199|15/08/2030,Erro (%a.a.),0.006
2026-05-29,erro_titulo_a_titulo,NTN-B|760199|15/05/2031,Erro (%a.a.),0.0367
2026-05-29,erro_titulo_a_titulo,NTN-B|760199|15/08/2032,Erro (%a.a.),-0.0008
2026-05-29,erro_titulo_a_titulo,NTN-B|760199|15/05/2033,Erro (%a.a.),-0.0206
2026-05-29,erro_titulo_a_titulo,NTN-B|760199|15/05/2035,Erro (%a.a.),-0.0172
2026-05-29,erro_titulo_a_titulo,NTN-B|760199|15/05/2037,Erro (%a.a.),0.0113
2026-05-29,erro_titulo_a_titulo,NTN-B|760199|15/08/2040,Erro (%a.a.),-0.003
2026-05-29,erro_titulo_a_titulo,NTN-B|760199|15/05/2045,Erro (%a.a.),-0.0163
2026-05-29,erro_titulo_a_titulo,NTN-B|760199|15/08/2050,Erro (%a.a.),0.0128
2026-05-29,erro_titulo_a_titulo,NTN-B|760199|15/05/2055,Erro (%a.a.),0.0061
2026-05-29,erro_titulo_a_titulo,NTN-B|760199|15/08/2060,Erro (%a.a.),-0.0025
