data,valor
2021-05-06,25.7
2021-05-07,24.01
2021-05-10,23.85
2021-05-11,24.97
2021-05-12,26.94
2021-05-13,26.34
2021-05-14,24.8
2021-05-17,24.8
2021-05-18,24.8
2021-05-19,24.8
2021-05-20,24.8
2021-05-21,24.8
2021-05-24,23.69
2021-05-25,22.62
2021-05-26,22.22
2021-05-27,21.41
2021-05-28,20.82
2021-05-31,21.01
2021-06-01,20.4
2021-06-02,20.49
2021-06-04,20.29
2021-06-07,20.47
2021-06-08,20.7
2021-06-09,20.04
2021-06-10,20.05
2021-06-11,20.41
2021-06-14,20.65
2021-06-15,20.88
2021-06-16,21.57
2021-06-17,22.78
2021-06-18,22.78
2021-06-21,22.78
2021-06-22,22.58
2021-06-23,21.66
2021-06-24,21.19
2021-06-25,22.07
2021-06-28,24.49
2021-06-29,23.44
2021-06-30,22.98
2021-07-01,23.31
2021-07-02,21.99
2021-07-05,21.28
2021-07-06,22.1
2021-07-07,21.02
2021-07-08,23.75
2021-07-12,21.78
2021-07-13,23.26
2021-07-14,21.24
2021-07-15,22.2
2021-07-16,21.6
2021-07-19,25.12
2021-07-20,24.45
2021-07-21,22.97
2021-07-22,22.23
2021-07-23,22.22
2021-07-26,21.92
2021-07-27,23.48
2021-07-28,22.47
2021-07-29,22.47
2021-07-30,24.35
2021-08-02,23.68
2021-08-03,23.68
2021-08-04,24.26
2021-08-05,23.32
2021-08-06,22.17
2021-08-09,21.9
2021-08-10,21.32
2021-08-11,21.05
2021-08-12,22.14
2021-08-13,23.06
2021-08-16,23.06
2021-08-17,26.59
2021-08-18,26.19
2021-08-19,27.4
2021-08-20,26.17
2021-08-23,25.17
2021-08-24,22.89
2021-08-25,22.85
2021-08-26,23.23
2021-08-27,23.07
2021-08-30,23.07
2021-08-31,23.66
2021-09-01,23.35
2021-09-02,24.13
2021-09-03,25.03
2021-09-06,25.65
2021-09-08,28.45
2021-09-09,29.1
2021-09-10,27.8
2021-09-13,27.13
2021-09-14,26.53
2021-09-15,26.99
2021-09-16,27.31
2021-09-17,28.87
2021-09-20,32.39
2021-09-21,30.32
2021-09-22,27.69
2021-09-23,25.9
2021-09-24,25.33
2021-09-27,25.57
2021-09-28,27.71
2021-09-29,27.44
2021-09-30,26.69
2021-10-01,25.87
2021-10-04,26.49
2021-10-05,25.5
2021-10-06,26.41
2021-10-07,25.34
2021-10-08,20.1
2021-10-11,24.9
2021-10-13,25.37
2021-10-14,24.13
2021-10-15,22.92
2021-10-18,24.11
2021-10-19,27.35
2021-10-20,27.91
2021-10-21,29.51
2021-10-22,31.25
2021-10-25,28.15
2021-10-26,28.13
2021-10-27,27.31
2021-10-28,25.98
2021-10-29,26.58
2021-11-01,30.79
2021-11-03,27.16
2021-11-04,31.29
2021-11-05,26.72
2021-11-08,33.0
2021-11-09,35.39
2021-11-10,33.94
2021-11-11,32.42
2021-11-12,32.59
2021-11-16,32.39
2021-11-17,32.72
2021-11-18,28.24
2021-11-19,33.39
2021-11-22,28.86
2021-11-23,28.59
2021-11-24,28.59
2021-11-25,27.7
2021-11-26,34.22
2021-11-29,30.63
2021-11-30,31.05
2021-12-01,30.46
2021-12-02,31.48
2021-12-03,30.44
2021-12-06,30.11
2021-12-07,28.09
2021-12-08,26.0
2021-12-09,25.93
2021-12-10,25.34
2021-12-13,25.85
2021-12-14,27.36
2021-12-15,27.27
2021-12-16,26.14
2021-12-17,27.24
2021-12-20,29.83
2021-12-21,27.27
2021-12-22,26.61
2021-12-23,25.3
2021-12-27,25.46
2021-12-28,25.24
2021-12-29,24.74
2021-12-30,24.84
2022-01-03,26.24
2022-01-04,25.4
2022-01-05,25.45
2022-01-06,25.74
2022-01-07,24.38
2022-01-10,25.46
2022-01-11,25.46
2022-01-12,25.34
2022-01-13,24.97
2022-01-14,25.24
2022-01-17,24.74
2022-01-18,24.76
2022-01-19,24.75
2022-01-20,24.44
2022-01-21,25.86
2022-01-24,29.35
2022-01-25,27.74
2022-01-26,25.4
2022-01-27,25.01
2022-01-28,24.93
2022-01-31,24.78
2022-02-01,23.61
2022-02-02,24.24
2022-02-03,23.7
2022-02-04,23.61
2022-02-07,23.49
2022-02-08,23.67
2022-02-09,21.51
2022-02-10,21.56
2022-02-11,23.33
2022-02-14,25.6
2022-02-15,23.46
2022-02-16,23.24
2022-02-17,23.8
2022-02-18,24.63
2022-02-21,25.98
2022-02-22,25.48
2022-02-23,25.0
2022-02-24,29.37
2022-02-25,25.82
2022-03-02,26.38
2022-03-03,26.29
2022-03-04,28.64
2022-03-07,29.99
2022-03-08,29.99
2022-03-09,26.87
2022-03-10,26.99
2022-03-11,27.21
2022-03-14,30.76
2022-03-15,30.76
2022-03-16,27.56
2022-03-17,25.71
2022-03-18,24.02
2022-03-21,23.48
2022-03-22,23.73
2022-03-23,22.14
2022-03-24,22.21
2022-03-25,22.11
2022-03-28,26.63
2022-03-29,21.97
2022-03-30,21.03
2022-03-31,19.73
2022-04-01,20.17
2022-04-04,20.17
2022-04-05,21.07
2022-04-06,22.51
2022-04-07,21.62
2022-04-08,21.82
2022-04-11,23.95
2022-04-12,23.38
2022-04-13,23.68
2022-04-14,21.81
2022-04-18,21.91
2022-04-19,21.51
2022-04-20,20.67
2022-04-22,24.31
2022-04-25,24.31
2022-04-26,26.51
2022-04-27,26.18
2022-04-28,25.7
2022-04-29,25.7
2022-05-02,30.32
2022-05-03,28.2
2022-05-04,28.03
2022-05-05,28.69
2022-05-06,28.69
2022-05-09,30.78
2022-05-10,30.78
2022-05-11,30.78
2022-05-12,28.66
2022-05-13,26.78
2022-05-16,25.88
2022-05-17,24.25
2022-05-18,26.88
2022-05-19,28.24
2022-05-20,25.18
2022-05-23,26.72
2022-05-24,25.58
2022-05-25,23.49
2022-05-26,21.72
2022-05-27,22.07
2022-05-30,22.96
2022-05-31,22.03
2022-06-01,21.38
2022-06-02,21.38
2022-06-03,21.38
2022-06-06,23.31
2022-06-07,23.31
2022-06-08,21.91
2022-06-09,22.6
2022-06-10,23.79
2022-06-13,27.83
2022-06-14,27.63
2022-06-15,26.75
2022-06-17,27.74
2022-06-20,27.99
2022-06-21,26.79
2022-06-22,25.98
2022-06-23,26.44
2022-06-24,26.65
2022-06-27,25.69
2022-06-28,25.69
2022-06-29,24.98
2022-06-30,27.12
2022-07-01,27.12
2022-07-04,25.76
2022-07-05,26.01
2022-07-06,26.01
2022-07-07,32.3
2022-07-08,22.77
2022-07-11,24.67
2022-07-12,24.9
2022-07-13,24.66
2022-07-14,25.32
2022-07-15,23.04
2022-07-18,22.9
2022-07-19,22.6
2022-07-20,22.67
2022-07-21,22.99
2022-07-22,23.06
2022-07-25,23.4
2022-07-26,23.6
2022-07-27,22.34
2022-07-28,22.09
2022-07-29,21.43
2022-08-01,22.9
2022-08-02,23.03
2022-08-03,22.49
2022-08-04,21.97
2022-08-05,22.22
2022-08-08,24.01
2022-08-09,24.18
2022-08-10,22.0
2022-08-11,22.05
2022-08-12,22.36
2022-08-15,24.8
2022-08-16,24.53
2022-08-17,24.04
2022-08-18,23.7
2022-08-19,25.69
2022-08-22,26.77
2022-08-23,25.82
2022-08-24,26.81
2022-08-25,26.55
2022-08-26,27.42
2022-08-29,27.67
2022-08-30,28.74
2022-08-31,28.67
2022-09-01,28.97
2022-09-02,28.97
2022-09-05,29.6
2022-09-06,29.71
2022-09-08,30.25
2022-09-09,30.25
2022-09-12,30.49
2022-09-13,31.39
2022-09-14,30.85
2022-09-15,29.92
2022-09-16,29.5
2022-09-19,30.06
2022-09-20,27.91
2022-09-21,29.07
2022-09-22,28.68
2022-09-23,30.21
2022-09-26,32.29
2022-09-27,33.37
2022-09-28,33.7
2022-09-29,34.67
2022-09-30,34.34
2022-10-03,30.99
2022-10-04,28.55
2022-10-05,29.04
2022-10-06,28.41
2022-10-07,30.29
2022-10-10,31.7
2022-10-11,31.96
2022-10-13,30.93
2022-10-14,30.13
2022-10-17,30.46
2022-10-18,30.14
2022-10-19,30.92
2022-10-20,31.6
2022-10-21,32.11
2022-10-24,32.11
2022-10-25,32.11
2022-10-26,32.11
2022-10-27,32.99
2022-10-28,32.95
2022-10-31,26.62
2022-11-01,26.65
2022-11-03,26.68
2022-11-04,24.69
2022-11-07,27.31
2022-11-08,28.24
2022-11-09,29.55
2022-11-10,31.45
2022-11-11,31.25
2022-11-14,29.15
2022-11-16,30.31
2022-11-17,30.31
2022-11-18,29.74
2022-11-21,28.93
2022-11-22,28.05
2022-11-23,27.64
2022-11-24,27.01
2022-11-25,28.4
2022-11-28,27.03
2022-11-29,26.84
2022-11-30,26.26
2022-12-01,25.88
2022-12-02,25.71
2022-12-05,26.41
2022-12-06,26.46
2022-12-07,25.44
2022-12-08,26.38
2022-12-09,24.23
2022-12-12,27.15
2022-12-13,27.47
2022-12-14,28.41
2022-12-15,26.75
2022-12-16,26.9
2022-12-19,26.59
2022-12-20,24.64
2022-12-21,23.48
2022-12-22,23.95
2022-12-23,23.84
2022-12-26,24.51
2022-12-27,24.92
2022-12-28,25.18
2022-12-29,25.06
2023-01-02,27.92
2023-01-03,27.86
2023-01-04,27.1
2023-01-05,26.16
2023-01-06,26.16
2023-01-09,25.98
2023-01-10,24.92
2023-01-11,23.98
2023-01-12,24.37
2023-01-13,23.63
2023-01-16,24.64
2023-01-17,24.43
2023-01-18,23.11
2023-01-19,23.53
2023-01-20,22.43
2023-01-23,22.56
2023-01-24,21.97
2023-01-25,22.25
2023-01-26,21.77
2023-01-27,22.73
2023-01-30,23.16
2023-01-31,21.83
2023-02-01,23.38
2023-02-02,23.08
2023-02-03,23.69
2023-02-06,23.88
2023-02-07,24.05
2023-02-08,22.02
2023-02-09,22.3
2023-02-10,23.34
2023-02-13,23.2
2023-02-14,21.95
2023-02-15,22.4
2023-02-16,21.99
2023-02-17,21.12
2023-02-22,22.77
2023-02-23,21.96
2023-02-24,22.23
2023-02-27,22.38
2023-02-28,22.59
2023-03-01,22.94
2023-03-02,22.37
2023-03-03,21.65
2023-03-06,22.59
2023-03-07,21.79
2023-03-08,22.29
2023-03-09,22.5
2023-03-10,23.96
2023-03-13,25.95
2023-03-14,24.38
2023-03-15,25.64
2023-03-16,24.43
2023-03-17,25.24
2023-03-20,26.12
2023-03-21,25.11
2023-03-22,24.29
2023-03-23,25.01
2023-03-24,26.59
2023-03-27,26.15
2023-03-28,26.0
2023-03-29,25.11
2023-03-30,24.18
2023-03-31,24.67
2023-04-03,23.68
2023-04-04,23.83
2023-04-05,24.8
2023-04-06,22.98
2023-04-10,23.77
2023-04-11,23.69
2023-04-12,22.15
2023-04-13,21.83
2023-04-14,21.02
2023-04-17,20.96
2023-04-18,20.47
2023-04-19,20.74
2023-04-20,21.11
2023-04-24,21.27
2023-04-25,21.78
2023-04-26,21.79
2023-04-27,21.81
2023-04-28,20.93
2023-05-02,22.53
2023-05-03,21.82
2023-05-04,22.29
2023-05-05,21.38
2023-05-08,21.05
2023-05-09,21.85
2023-05-10,21.79
2023-05-11,21.26
2023-05-12,20.61
2023-05-15,21.49
2023-05-16,21.81
2023-05-17,21.45
2023-05-18,21.57
2023-05-19,20.89
2023-05-22,20.7
2023-05-23,21.05
2023-05-24,21.49
2023-05-25,20.86
2023-05-26,20.74
2023-05-29,21.13
2023-05-30,21.69
2023-05-31,22.47
2023-06-01,21.25
2023-06-02,19.87
2023-06-05,20.0
2023-06-06,19.61
2023-06-07,20.0
2023-06-09,19.59
2023-06-12,20.82
2023-06-13,20.49
2023-06-14,20.1
2023-06-15,19.7
2023-06-16,19.41
2023-06-19,19.94
2023-06-20,19.98
2023-06-21,19.98
2023-06-22,21.38
2023-06-23,20.8
2023-06-26,21.47
2023-06-27,22.03
2023-06-28,21.15
2023-06-29,20.81
2023-06-30,20.5
2023-07-03,20.83
2023-07-04,20.36
2023-07-05,20.36
2023-07-06,22.82
2023-07-07,21.38
2023-07-10,21.48
2023-07-11,22.12
2023-07-12,19.79
2023-07-13,19.18
2023-07-14,19.66
2023-07-17,19.96
2023-07-18,19.56
2023-07-19,19.7
2023-07-20,19.27
2023-07-21,18.58
2023-07-24,18.52
2023-07-25,18.42
2023-07-26,18.68
2023-07-27,19.57
2023-07-28,19.8
2023-07-31,19.98
2023-08-01,20.25
2023-08-02,20.9
2023-08-03,20.21
2023-08-04,20.14
2023-08-07,20.34
2023-08-08,20.34
2023-08-09,19.77
2023-08-10,18.99
2023-08-11,18.98
2023-08-14,18.98
2023-08-15,19.72
2023-08-16,19.42
2023-08-17,19.48
2023-08-18,19.18
2023-08-21,19.54
2023-08-22,19.14
2023-08-23,18.18
2023-08-24,18.16
2023-08-25,18.4
2023-08-28,18.68
2023-08-29,18.46
2023-08-30,18.28
2023-08-31,18.87
2023-09-01,18.47
2023-09-04,18.89
2023-09-05,18.89
2023-09-06,18.89
2023-09-08,19.57
2023-09-11,19.32
2023-09-12,18.7
2023-09-13,18.61
2023-09-14,18.33
2023-09-15,18.19
2023-09-18,18.04
2023-09-19,17.73
2023-09-20,17.67
2023-09-21,18.35
2023-09-22,18.67
2023-09-25,19.09
2023-09-26,19.45
2023-09-27,19.73
2023-09-28,18.74
2023-09-29,18.05
2023-10-02,18.81
2023-10-03,19.58
2023-10-04,19.71
2023-10-05,19.47
2023-10-06,19.67
2023-10-09,19.83
2023-10-10,19.69
2023-10-11,18.66
2023-10-13,18.82
2023-10-16,19.51
2023-10-17,19.59
2023-10-18,20.75
2023-10-19,20.4
2023-10-20,20.91
2023-10-23,21.0
2023-10-24,20.33
2023-10-25,20.82
2023-10-26,20.57
2023-10-27,20.12
2023-10-30,22.19
2023-10-31,21.42
2023-11-01,19.88
2023-11-03,18.98
2023-11-06,18.77
2023-11-07,18.42
2023-11-08,18.42
2023-11-09,18.64
2023-11-10,18.74
2023-11-13,18.79
2023-11-14,18.79
2023-11-16,18.51
2023-11-17,17.51
2023-11-20,17.67
2023-11-21,17.63
2023-11-22,17.63
2023-11-23,17.7
2023-11-24,17.91
2023-11-27,18.06
2023-11-28,17.21
2023-11-29,17.12
2023-11-30,16.84
2023-12-01,17.36
2023-12-04,17.92
2023-12-05,17.65
2023-12-06,18.52
2023-12-07,15.85
2023-12-08,17.69
2023-12-11,17.97
2023-12-12,17.4
2023-12-13,16.49
2023-12-14,15.91
2023-12-15,15.27
2023-12-18,14.89
2023-12-19,14.86
2023-12-20,14.89
2023-12-21,15.18
2023-12-22,14.93
2023-12-26,16.09
2023-12-27,16.17
2023-12-28,16.33
2024-01-02,16.33
2024-01-03,17.35
2024-01-04,17.39
2024-01-05,16.99
2024-01-08,17.18
2024-01-09,16.74
2024-01-10,17.16
2024-01-11,16.62
2024-01-12,16.32
2024-01-15,16.72
2024-01-16,17.19
2024-01-17,16.84
2024-01-18,16.21
2024-01-19,16.09
2024-01-22,16.48
2024-01-23,16.22
2024-01-24,16.78
2024-01-25,16.41
2024-01-26,16.08
2024-01-29,16.92
2024-01-30,17.19
2024-01-31,17.24
2024-02-01,17.17
2024-02-02,16.84
2024-02-05,16.98
2024-02-06,17.37
2024-02-07,16.69
2024-02-08,17.87
2024-02-09,17.39
2024-02-14,17.31
2024-02-15,15.91
2024-02-16,15.59
2024-02-19,15.66
2024-02-20,15.81
2024-02-21,16.16
2024-02-22,15.84
2024-02-23,15.74
2024-02-26,15.79
2024-02-27,15.78
2024-02-28,16.07
2024-02-29,16.42
2024-03-01,16.31
2024-03-04,16.64
2024-03-05,16.76
2024-03-06,16.76
2024-03-07,17.33
2024-03-08,18.36
2024-03-11,18.4
2024-03-12,17.07
2024-03-13,15.71
2024-03-14,15.22
2024-03-15,15.49
2024-03-18,16.22
2024-03-19,16.42
2024-03-20,16.42
2024-03-21,15.9
2024-03-22,15.81
2024-03-25,15.83
2024-03-26,15.2
2024-03-27,14.63
2024-03-28,14.48
2024-04-01,15.75
2024-04-02,15.26
2024-04-03,15.68
2024-04-04,16.84
2024-04-05,16.53
2024-04-08,16.82
2024-04-09,16.75
2024-04-10,16.5
2024-04-11,15.73
2024-04-12,16.99
2024-04-15,18.15
2024-04-16,18.24
2024-04-17,18.63
2024-04-18,18.11
2024-04-19,18.45
2024-04-22,17.68
2024-04-23,17.2
2024-04-24,16.82
2024-04-25,16.85
2024-04-26,16.44
2024-04-29,16.39
2024-04-30,16.87
2024-05-02,17.05
2024-05-03,16.64
2024-05-06,16.38
2024-05-07,16.22
2024-05-08,16.22
2024-05-09,15.46
2024-05-10,15.39
2024-05-13,15.39
2024-05-14,15.61
2024-05-15,14.78
2024-05-16,14.44
2024-05-17,13.89
2024-05-20,14.15
2024-05-21,14.22
2024-05-22,14.81
2024-05-23,15.25
2024-05-24,15.1
2024-05-27,15.21
2024-05-28,16.18
2024-05-29,16.78
2024-05-31,16.4
2024-06-03,16.54
2024-06-04,16.58
2024-06-05,17.13
2024-06-06,16.83
2024-06-07,18.58
2024-06-10,17.99
2024-06-11,18.06
2024-06-12,18.04
2024-06-13,17.06
2024-06-14,16.8
2024-06-17,17.12
2024-06-18,16.56
2024-06-19,17.28
2024-06-20,16.52
2024-06-21,15.78
2024-06-24,15.94
2024-06-25,15.25
2024-06-26,14.84
2024-06-27,14.47
2024-06-28,15.13
2024-07-01,15.23
2024-07-02,15.16
2024-07-03,14.76
2024-07-04,14.47
2024-07-05,13.92
2024-07-08,14.13
2024-07-09,13.74
2024-07-10,13.62
2024-07-11,13.76
2024-07-12,13.7
2024-07-15,13.78
2024-07-16,13.99
2024-07-17,14.08
2024-07-18,15.33
2024-07-19,15.24
2024-07-22,14.98
2024-07-23,15.47
2024-07-24,15.1
2024-07-25,14.97
2024-07-26,14.19
2024-07-29,14.53
2024-07-30,14.82
2024-07-31,14.7
2024-08-01,15.57
2024-08-02,17.75
2024-08-05,20.32
2024-08-06,17.69
2024-08-07,18.78
2024-08-08,17.53
2024-08-09,16.4
2024-08-12,16.41
2024-08-13,16.16
2024-08-14,14.87
2024-08-15,14.46
2024-08-16,15.68
2024-08-19,16.07
2024-08-20,15.7
2024-08-21,16.07
2024-08-22,16.64
2024-08-23,16.03
2024-08-26,16.04
2024-08-27,15.79
2024-08-28,16.61
2024-08-29,16.76
2024-08-30,17.24
2024-09-02,18.53
2024-09-03,18.37
2024-09-04,16.93
2024-09-05,16.59
2024-09-06,18.03
2024-09-09,18.19
2024-09-10,18.32
2024-09-11,18.47
2024-09-12,18.13
2024-09-13,17.53
2024-09-16,17.76
2024-09-17,18.2
2024-09-18,18.27
2024-09-19,18.38
2024-09-20,19.21
2024-09-23,19.91
2024-09-24,19.24
2024-09-25,18.8
2024-09-26,18.3
2024-09-27,18.57
2024-09-30,19.97
2024-10-01,19.69
2024-10-02,19.89
2024-10-03,20.11
2024-10-04,19.28
2024-10-07,20.38
2024-10-08,19.79
2024-10-09,20.98
2024-10-10,20.15
2024-10-11,19.86
2024-10-14,19.54
2024-10-15,18.68
2024-10-16,17.38
2024-10-17,17.48
2024-10-18,17.25
2024-10-21,16.12
2024-10-22,16.64
2024-10-23,17.32
2024-10-24,17.06
2024-10-25,16.3
2024-10-28,16.7
2024-10-29,16.83
2024-10-30,17.05
2024-10-31,17.46
2024-11-01,17.48
2024-11-04,18.0
2024-11-05,17.92
2024-11-06,18.36
2024-11-07,18.72
2024-11-08,18.66
2024-11-11,17.71
2024-11-12,17.34
2024-11-13,16.77
2024-11-14,15.71
2024-11-18,14.98
2024-11-19,15.17
2024-11-21,15.37
2024-11-22,14.74
2024-11-25,15.21
2024-11-26,15.02
2024-11-27,15.78
2024-11-28,16.44
2024-11-29,15.7
2024-12-02,14.95
2024-12-03,14.75
2024-12-04,14.1
2024-12-05,14.41
2024-12-06,14.58
2024-12-09,15.14
2024-12-10,16.34
2024-12-11,16.13
2024-12-12,19.05
2024-12-13,17.62
2024-12-16,17.97
2024-12-17,17.15
2024-12-18,20.46
2024-12-19,17.83
2024-12-20,16.95
2024-12-23,17.02
2024-12-26,16.59
2024-12-27,16.12
2024-12-30,16.2
2025-01-02,16.44
2025-01-03,16.59
2025-01-06,16.26
2025-01-07,15.86
2025-01-08,16.52
2025-01-09,15.98
2025-01-10,15.92
2025-01-13,16.28
2025-01-14,15.64
2025-01-15,15.12
2025-01-16,15.73
2025-01-17,15.18
2025-01-20,15.46
2025-01-21,14.75
2025-01-22,14.61
2025-01-23,14.54
2025-01-24,14.02
2025-01-27,14.9
2025-01-28,14.51
2025-01-29,14.47
2025-01-30,14.62
2025-01-31,14.23
2025-02-03,14.34
2025-02-04,14.82
2025-02-05,14.65
2025-02-06,13.77
2025-02-07,13.95
2025-02-10,14.31
2025-02-11,14.06
2025-02-12,14.31
2025-02-13,14.08
2025-02-14,15.68
2025-02-17,14.28
2025-02-18,14.11
2025-02-19,14.33
2025-02-20,14.0
2025-02-21,14.8
2025-02-24,15.87
2025-02-25,15.73
2025-02-26,16.57
2025-02-27,16.22
2025-02-28,16.3
2025-03-05,16.61
2025-03-06,16.34
2025-03-07,16.49
2025-03-10,17.42
2025-03-11,17.2
2025-03-12,15.79
2025-03-13,15.34
2025-03-14,15.56
2025-03-17,15.99
2025-03-18,15.47
2025-03-19,16.22
2025-03-20,15.02
2025-03-21,15.34
2025-03-24,15.08
2025-03-25,15.13
2025-03-26,15.64
2025-03-27,15.96
2025-03-28,16.1
2025-03-31,16.49
2025-04-01,16.13
2025-04-02,16.18
2025-04-03,16.6
2025-04-04,21.45
2025-04-07,26.57
2025-04-08,26.52
2025-04-09,22.41
2025-04-10,24.31
2025-04-11,23.94
2025-04-14,18.1
2025-04-15,17.26
2025-04-16,18.01
2025-04-17,17.94
2025-04-22,18.4
2025-04-23,18.16
2025-04-24,17.93
2025-04-25,17.38
2025-04-28,16.83
2025-04-29,16.66
2025-04-30,17.46
2025-05-02,16.45
2025-05-05,16.64
2025-05-06,16.82
2025-05-07,17.77
2025-05-08,17.24
2025-05-09,17.37
2025-05-12,17.07
2025-05-13,16.94
2025-05-14,16.25
2025-05-15,15.37
2025-05-16,16.17
2025-05-19,15.08
2025-05-20,14.91
2025-05-21,15.8
2025-05-22,16.32
2025-05-23,15.72
2025-05-26,16.06
2025-05-27,15.86
2025-05-28,16.07
2025-05-29,16.1
2025-05-30,16.7
2025-06-02,16.98
2025-06-03,16.99
2025-06-04,15.98
2025-06-05,16.14
2025-06-06,16.08
2025-06-09,15.57
2025-06-10,15.29
2025-06-11,15.21
2025-06-12,15.45
2025-06-13,16.05
2025-06-16,15.65
2025-06-17,16.35
2025-06-18,15.47
2025-06-20,15.47
2025-06-23,15.45
2025-06-24,14.91
2025-06-25,14.99
2025-06-26,15.11
2025-06-27,14.91
2025-06-30,15.34
2025-07-01,15.03
2025-07-02,14.62
2025-07-03,14.72
2025-07-04,14.98
2025-07-07,15.18
2025-07-08,15.1
2025-07-09,15.71
2025-07-10,16.11
2025-07-11,15.51
2025-07-14,15.77
2025-07-15,15.61
2025-07-16,15.17
2025-07-17,14.91
2025-07-18,16.43
2025-07-21,17.42
2025-07-22,16.22
2025-07-23,15.54
2025-07-24,15.4
2025-07-25,16.16
2025-07-28,17.2
2025-07-29,17.23
2025-07-30,15.95
2025-07-31,15.36
2025-08-01,16.1
2025-08-04,16.23
2025-08-05,15.72
2025-08-06,15.73
2025-08-07,15.74
2025-08-08,15.51
2025-08-11,15.52
2025-08-12,15.27
2025-08-13,14.69
2025-08-14,14.22
2025-08-15,14.53
2025-08-18,15.43
2025-08-19,16.71
2025-08-20,15.57
2025-08-21,14.95
2025-08-22,15.15
2025-08-25,14.96
2025-08-26,14.87
2025-08-27,14.47
2025-08-28,14.45
2025-08-29,14.84
2025-09-01,14.71
2025-09-02,15.86
2025-09-03,15.4
2025-09-04,15.08
2025-09-05,15.14
2025-09-08,15.29
2025-09-09,15.6
2025-09-10,15.84
2025-09-11,15.44
2025-09-12,15.36
2025-09-15,15.47
2025-09-16,15.74
2025-09-17,15.88
2025-09-18,14.86
2025-09-19,15.3
2025-09-22,15.12
2025-09-23,15.06
2025-09-24,14.46
2025-09-25,14.94
2025-09-26,14.73
2025-09-29,14.97
2025-09-30,14.85
2025-10-01,14.79
2025-10-02,15.04
2025-10-03,14.98
2025-10-06,15.25
2025-10-07,15.27
2025-10-08,15.35
2025-10-09,14.26
2025-10-10,15.34
2025-10-13,14.79
2025-10-14,15.12
2025-10-15,14.88
2025-10-16,15.27
2025-10-17,14.99
2025-10-20,14.89
2025-10-21,14.75
2025-10-22,14.57
2025-10-23,14.33
2025-10-24,14.18
2025-10-27,14.27
2025-10-28,14.21
2025-10-29,14.39
2025-10-30,13.98
2025-10-31,14.2
2025-11-03,14.61
2025-11-04,14.88
2025-11-05,16.16
2025-11-06,16.65
2025-11-07,16.32
2025-11-10,16.6
2025-11-11,17.33
2025-11-12,17.35
2025-11-13,17.6
2025-11-14,17.67
2025-11-17,17.41
2025-11-18,17.47
2025-11-19,17.03
2025-11-21,16.94
2025-11-24,16.24
2025-11-25,15.8
2025-11-26,16.65
2025-11-27,16.08
2025-11-28,16.19
2025-12-01,15.71
2025-12-02,15.6
2025-12-03,15.7
2025-12-04,16.66
2025-12-05,20.59
2025-12-08,19.34
2025-12-09,20.81
2025-12-10,20.56
2025-12-11,19.03
2025-12-12,18.17
2025-12-15,18.28
2025-12-16,18.33
2025-12-17,18.73
2025-12-18,16.63
2025-12-19,16.22
2025-12-22,16.15
2025-12-23,15.72
2025-12-26,16.14
2025-12-29,16.55
2025-12-30,16.54
2026-01-02,16.08
2026-01-05,16.25
2026-01-06,16.24
2026-01-07,16.01
2026-01-08,15.23
2026-01-09,14.32
2026-01-12,15.01
2026-01-13,15.68
2026-01-14,15.16
2026-01-15,14.51
2026-01-16,14.29
2026-01-19,15.02
2026-01-20,15.87
2026-01-21,16.41
2026-01-22,18.55
2026-01-23,20.73
2026-01-26,21.94
2026-01-27,22.6
2026-01-28,22.98
2026-01-29,21.61
2026-01-30,20.5
2026-02-02,20.03
2026-02-03,22.14
2026-02-04,21.79
2026-02-05,22.03
2026-02-06,20.19
2026-02-09,19.5
2026-02-10,18.4
2026-02-11,22.03
2026-02-12,20.09
2026-02-13,21.47
2026-02-18,22.47
2026-02-19,21.24
2026-02-20,20.71
2026-02-23,21.87
2026-02-24,21.99
2026-02-25,21.73
2026-02-26,20.58
2026-02-27,21.15
2026-03-02,21.49
2026-03-03,26.06
2026-03-04,23.52
2026-03-05,25.51
2026-03-06,27.89
2026-03-09,26.08
2026-03-10,25.07
2026-03-11,25.63
2026-03-12,27.1
2026-03-13,28.87
2026-03-16,27.26
2026-03-17,26.25
2026-03-18,26.77
2026-03-19,26.84
2026-03-20,29.4
2026-03-23,27.16
2026-03-24,26.84
2026-03-25,25.86
2026-03-26,28.11
2026-03-27,29.6
2026-03-30,28.78
2026-03-31,25.92
2026-04-01,25.18
2026-04-02,25.2
2026-04-06,24.76
2026-04-07,26.66
2026-04-08,22.43
2026-04-09,20.62
2026-04-10,20.22
2026-04-13,22.69
2026-04-14,21.39
2026-04-15,20.24
2026-04-16,20.16
2026-04-17,19.47
2026-04-20,19.31
2026-04-22,19.55
2026-04-23,19.73
2026-04-24,19.74
2026-04-27,19.61
2026-04-28,19.6
2026-04-29,20.26
2026-04-30,19.2
2026-05-04,19.8
2026-05-05,18.73
2026-05-06,18.61
2026-05-07,19.8
2026-05-08,18.86
2026-05-11,19.59
2026-05-12,19.46
2026-05-13,21.82
2026-05-14,20.23
2026-05-15,20.07
2026-05-18,19.36
2026-05-19,19.98
2026-05-20,19.48
2026-05-21,19.06
2026-05-22,19.27
2026-05-25,19.3
2026-05-26,19.28
2026-05-27,19.47
2026-05-28,19.42
2026-05-29,18.65
